"","master_id","year","prop","perc_lib"
"1","10.002.10.1.",2011,0,0.30078125
"2","10.018.10.9.",2011,0,0.271028037
"3","10.021.10.32.",2011,0,0.206896552
"4","10.026.10.13.",2011,0,0.24291498
"5","10.028.10.16.",2011,0,0.168224299
"6","10.035s.10.702.",2011,0,0.2
"7","10.038.10.31.",2011,0,0.14
"8","10.039.10.34.",2011,0,0.258426966
"9","10.047.10.26.",2011,0,0.139784946
"10","10.055.10.24.",2011,0,0.263681592
"11","10.067.10.95.",2011,0,0.402597403
"12","10.068.10.97.",2011,0,0.235294118
"13","10.079.10.112.",2011,0,0.284768212
"14","10.103.10.52.",2011,0,0.331658291
"15","10.152.10.96.",2011,0,0.333333333
"16","10.181.10.150.",2011,0,0.180124224
"17","10.185.10.146.",2011,0,0.166666667
"18","10.206.10.148.",2011,0,0.3
"19","10.223.10.167.",2011,1,0.228813559
"20","10.227.10.203.",2011,1,0.227848101
"21","10.228.10.162.",2011,0,0.245901639
"22","10.229.10.165.",2011,0,0.275229358
"23","10.235.10.195.",2011,0,0.368
"24","10.245.10.218.",2011,0,0.125
"25","10.248.10.221.",2011,0,0.238993711
"26","10.267.10.211.",2011,0,0.256684492
"27","10.271.10.207.",2011,0,0.323943662
"28","10.275.10.223.",2011,0,0.224719101
"29","105.004.105.5.",2011,0,0.283261803
"30","105.022.105.16.",2011,0,0.208588957
"31","105.088.105.64.",2011,0,0.336065574
"32","105.099.105.54.",2011,0,0.228813559
"33","105.116.105.111.",2011,0,0.224637681
"34","105.120.105.200.",2011,0,0.243589744
"35","105.127.105.199.",2011,0,0.247126437
"36","105.136.105.197.",2011,0,0.383647799
"37","105.196.105.133.",2011,0,0.299270073
"38","105.201.105.131.",2011,0,0.279187817
"39","105.213.105.207.",2011,0,0.212389381
"40","105.232.105.145.",2011,0,0.205555556
"41","105.236.105.226.",2011,0,0.230769231
"42","105.252.105.222.",2011,0,0.196428571
"43","14.141.14.208.",2011,1,0.234042553
"44","14.148.14.73.",2011,0,0.299019608
"45","14.163.14.193.",2011,1,0.264069264
"46","14.164.14.77.",2011,1,0.330935252
"47","14.191.14.1.",2011,1,0.192771084
"48","14.193.14.2.",2011,0,0.205882353
"49","14.194.14.1.",2011,1,0.192771084
"50","14.204s.14.700.",2011,0,0.333333333
"51","14.205.14.67.",2011,0,0.273255814
"52","14.215.14.7.",2011,0,0.170212766
"53","14.263.14.49.",2011,0,0.28742515
"54","18.028.18.31.",2011,0,0.233333333
"55","18.063.18.140.",2011,0,0.245810056
"56","18.114.18.96.",2011,0,0.162162162
"57","18.134.18.20.",2011,0,0.13836478
"58","18.180.18.43.",2011,0,0.166666667
"59","18.183.18.98.",2011,0,0.126829268
"60","18.192.18.108.",2011,0,0.25
"61","18.196.18.152.",2011,0,0.393700787
"62","19.005.19.3.",2011,0,0.214611872
"63","19.011.19.65.",2011,0,0.293478261
"64","19.019.19.66.",2011,0,0.243523316
"65","19.070.19.71.",2011,0,0.312820513
"66","19.075.19.57.",2011,0,0.364640884
"67","19.082.19.31.",2011,0,0.310344828
"68","19.084.19.77.",2011,0,0.196808511
"69","19.098.19.195.",2011,0,0.218954248
"70","19.099.19.193.",2011,0,0.242038217
"71","19.124.19.177.",2011,0,0.193103448
"72","19.125s.19.711.",2011,0,0.384615385
"73","2.033s.2.700.",2011,0,0.2
"74","2.036.2.20.",2011,0,0.116883117
"75","2.048.2.30.",2011,0,0.045454545
"76","2.065.2.39.",2011,0,0.19205298
"77","2.073.2.56.",2011,0,0.306122449
"78","2.075.2.46.",2011,0,0.288557214
"79","2.083.2.82.",2011,0,0.350993377
"80","2.106.2.110.",2011,0,0.268115942
"81","2.110.2.52.",2011,0,0.380952381
"82","2.112.2.58.",2011,0,0.350194553
"83","2.131.2.116.",2011,0,0.345238095
"84","2.145.2.112.",2011,0,0.308641975
"85","2.149.2.60.",2011,0,0.441441441
"86","2.152.2.63.",2011,0,0.125
"87","2.163.2.72.",2011,0,0.335877863
"88","2.166.2.75.",2011,0,0.161904762
"89","2.175.2.103.",2011,0,0.287356322
"90","2.176.2.105.",2011,0,0.256578947
"91","2.177.2.107.",2011,0,0.392857143
"92","2.179.2.121.",2011,0,0.336956522
"93","2.198.2.135.",2011,0,0.193548387
"94","2.207.2.137.",2011,0,0.267080745
"95","21.003.21.4.",2011,0,0.293877551
"96","21.008.21.7.",2011,0,0.261744966
"97","21.021.21.20.",2011,0,0.234741784
"98","21.036.21.25.",2011,0,0.408653846
"99","21.049.21.41.",2011,0,0.189054726
"100","21.055.21.53.",2011,0,0.195
"101","21.077.21.88.",2011,0,0.190140845
"102","21.169.21.112.",2011,0,0.20661157
"103","21.170.21.125.",2011,0,0.185714286
"104","21.196.21.118.",2011,0,0.136094675
"105","21.201.21.92.",2011,0,0.243654822
"106","21.203.21.128.",2011,0,0.176100629
"107","21.211.21.95.",2011,0,0.211864407
"108","21.222.21.131.",2011,0,0.223809524
"109","22.001.22.6.",2011,0,0.391959799
"110","22.003.22.4.",2011,0,0.351351351
"111","22.013.22.30.",2011,0,0.237623762
"112","22.016.22.36.",2011,0,0.255102041
"113","22.025.22.65.",2011,0,0.177304965
"114","22.054.22.48.",2011,0,0.280701754
"115","22.055.22.61.",2011,1,0.289855072
"116","22.075.22.20.",2011,0,0.257309942
"117","22.077.22.82.",2011,0,0.157303371
"118","22.104.22.51.",2011,1,0.186666667
"119","22.107.22.58.",2011,1,0.4
"120","22.125.22.57.",2011,1,0.15942029
"121","22.129.22.122.",2011,0,0.335526316
"122","22.168.22.199.",2011,0,0.195833333
"123","22.175.22.131.",2011,0,0.4
"124","22.213.22.207.",2011,0,0.248484848
"125","22.262.22.161.",2011,0,0.132075472
"126","28.013.28.171.",2011,0,0.217647059
"127","28.028.28.143.",2011,0,0.184782609
"128","28.034.28.95.",2011,0,0.161490683
"129","28.045.28.52.",2011,0,0.132743363
"130","28.049.28.126.",2011,0,0.085106383
"131","28.058.28.177.",2011,0,0.180451128
"132","28.066.28.50.",2011,0,0.183673469
"133","28.068.28.97.",2011,0,0.189873418
"134","28.075.28.103.",2011,0,0.168224299
"135","28.098.28.205.",2011,0,0.089655172
"136","28.103.28.92.",2011,0,0.162337662
"137","28.104.28.104.",2011,0,0.193548387
"138","28.115.28.182.",2011,1,0.146226415
"139","28.116.28.184.",2011,1,0.104294479
"140","28.119.28.208.",2011,1,0.067901235
"141","28.120.28.211.",2011,1,0.138461538
"142","28.122.28.26.",2011,0,0.195652174
"143","28.125.28.29.",2011,0,0.159292035
"144","28.134.28.91.",2011,0,0.174825175
"145","28.138.28.135.",2011,1,0.109756098
"146","28.140.28.147.",2011,1,0.111111111
"147","28.155.28.37.",2011,0,0.137614679
"148","28.173.28.60.",2011,0,0.262411348
"149","28.192.28.85.",2011,0,0.287671233
"150","28.197.28.134.",2011,1,0.113636364
"151","28.199.28.3.",2011,0,0.198198198
"152","28.206.28.107.",2011,0,0.233502538
"153","28.219.28.121.",2011,1,0.153333333
"154","28.227.28.115.",2011,0,0.140186916
"155","28.229.28.8.",2011,0,0.219512195
"156","28.245.28.16.",2011,0,0.218253968
"157","29.001.29.1.",2011,0,0.161764706
"158","29.007.29.3.",2011,0,0.45971564
"159","29.010.29.27.",2011,0,0.354497354
"160","29.024.29.10.",2011,0,0.347222222
"161","29.027.29.19.",2011,0,0.302469136
"162","29.030.29.8.",2011,0,0.3
"163","29.036.29.62.",2011,0,0.289256198
"164","29.037.29.16.",2011,0,0.398773006
"165","29.041.29.51.",2011,0,0.290909091
"166","29.054.29.39.",2011,0,0.352941176
"167","29.063.29.40.",2011,0,0.27510917
"168","29.066.29.110.",2011,0,0.334862385
"169","29.069.29.114.",2011,0,0.410646388
"170","29.086.29.123.",2011,0,0.473170732
"171","29.091.29.69.",2011,0,0.246231156
"172","29.097.29.129.",2011,0,0.331288344
"173","29.099.29.136.",2011,0,0.316363636
"174","29.103.29.75.",2011,0,0.387096774
"175","29.106.29.73.",2011,0,0.373271889
"176","29.112.29.107.",2011,0,0.269461078
"177","29.114.29.131.",2011,0,0.329896907
"178","29.117.29.134.",2011,0,0.393617021
"179","29.120.29.155.",2011,0,0.402097902
"180","29.185.29.83.",2011,0,0.185185185
"181","29.187.29.81.",2011,0,0.331950207
"182","29.190.29.78.",2011,0,0.323529412
"183","29.191.29.84.",2011,0,0.294573643
"184","29.203.29.154.",2011,0,0.470588235
"185","29.209.29.86.",2011,0,0.296943231
"186","29.242.29.174.",2011,0,0.210300429
"187","29.246.29.231.",2011,0,0.301020408
"188","34.005.34.1.",2011,0,0.453608247
"189","34.008.34.7.",2011,0,0.37408313
"190","34.012.34.8.",2011,0,0.255319149
"191","34.015.34.9.",2011,0,0.331797235
"192","34.035.34.23.",2011,0,0.293877551
"193","34.036.34.25.",2011,1,0.276836158
"194","34.044.34.71.",2011,0,0.202702703
"195","34.045.34.31.",2011,1,0.196721311
"196","34.048.34.47.",2011,0,0.493333333
"197","34.068.34.51.",2011,0,0.34375
"198","34.086.34.76.",2011,0,0.33125
"199","34.088.34.55.",2011,0,0.322580645
"200","34.094.34.74.",2011,0,0.223577236
"201","34.098.34.59.",2011,0,0.316455696
"202","34.100.34.64.",2011,0,0.330033003
"203","34.103.34.56.",2011,1,0.265895954
"204","34.109.34.66.",2011,0,0.205673759
"205","34.114.34.70.",2011,0,0.143478261
"206","34.129.34.107.",2011,0,0.328947368
"207","34.168.34.120.",2011,0,0.264925373
"208","34.172.34.115.",2011,0,0.414634146
"209","34.225.34.141.",2011,0,0.346774194
"210","34.231.34.136.",2011,0,0.334645669
"211","34.235.34.178.",2011,0,0.304
"212","34.241.34.182.",2011,1,0.315642458
"213","34.243.34.183.",2011,0,0.29468599
"214","34.266.34.188.",2011,0,0.277173913
"215","36.003.36.209.",2011,0,0.439393939
"216","36.006.36.5.",2011,0,0.457446809
"217","36.007.36.212.",2011,0,0.454022989
"218","36.011.36.8.",2011,0,0.397590361
"219","36.012.36.9.",2011,0,0.42
"220","36.017.36.10.",2011,0,0.395939086
"221","36.027.36.189.",2011,0,0.443478261
"222","36.035.36.18.",2011,0,0.580246914
"223","36.039.36.21.",2011,0,0.426829268
"224","36.165.36.56.",2011,0,0.484848485
"225","36.246.36.202.",2011,0,0.4
"226","36.269.36.178.",2011,0,0.649425287
"227","36.278.36.153.",2011,0,0.581081081
"228","36.283.36.215.",2011,1,0.533653846
"229","36.404.36.426.",2011,0,0.493150685
"230","36.413.36.418.",2011,0,0.415384615
"231","36.414.36.420.",2011,0,0.366197183
"232","40.009.40.62.",2011,0,0.281081081
"233","40.010.40.64.",2011,0,0.252808989
"234","40.019.40.65.",2011,1,0.278481013
"235","40.023.40.162.",2011,0,0.24516129
"236","40.028.40.69.",2011,0,0.226666667
"237","40.041.40.66.",2011,0,0.355263158
"238","40.058.40.76.",2011,0,0.375634518
"239","40.059.40.71.",2011,1,0.242063492
"240","40.062.40.183.",2011,0,0.313513514
"241","40.066.40.187.",2011,0,0.344086022
"242","40.068.40.78.",2011,1,0.281609195
"243","40.072.40.79.",2011,0,0.341836735
"244","40.073.40.81.",2011,1,0.393782383
"245","40.076.40.166.",2011,0,0.364485981
"246","40.080.40.127.",2011,0,0.435643564
"247","40.085.40.168.",2011,0,0.288135593
"248","40.089.40.82.",2011,0,0.333333333
"249","40.107.40.144.",2011,0,0.36875
"250","40.130s.40.715.",2011,0,0.358974359
"251","40.131.40.171.",2011,0,0.348958333
"252","40.153.40.148.",2011,0,0.292857143
"253","40.156.40.106.",2011,0,0.326241135
"254","40.160.40.87.",2011,0,0.258426966
"255","40.163.40.89.",2011,0,0.222222222
"256","40.172.40.115.",2011,0,0.25862069
"257","40.178.40.51.",2011,0,0.168604651
"258","40.187.40.39.",2011,0,0.242152466
"259","40.192.40.1.",2011,0,0.22
"260","40.224.40.21.",2011,0,0.298013245
"261","40.234.40.48.",2011,0,0.253333333
"262","40.244.40.46.",2011,1,0.231884058
"263","40.248.40.46.",2011,0,0.231884058
"264","40.249.40.23.",2011,1,0.258333333
"265","41.029.41.189.",2011,0,0.20441989
"266","41.031.41.121.",2011,0,0.076086957
"267","41.039.41.203.",2011,0,0.24789916
"268","41.050.41.124.",2011,0,0.308176101
"269","41.051.41.126.",2011,0,0.12962963
"270","41.053.41.131.",2011,0,0.140909091
"271","41.062.41.125.",2011,0,0.21978022
"272","41.063.41.134.",2011,0,0.234567901
"273","41.065.41.144.",2011,0,0.241573034
"274","41.067.41.143.",2011,0,0.161825726
"275","41.076.41.208.",2011,0,0.160714286
"276","41.090.41.136.",2011,0,0.1875
"277","41.111.41.156.",2011,0,0.312849162
"278","41.134.41.5.",2011,0,0.291262136
"279","41.140.41.17.",2011,0,0.458064516
"280","41.144.41.12.",2011,0,0.244565217
"281","41.157.41.100.",2011,0,0.338164251
"282","41.167.41.120.",2011,0,0.357466063
"283","41.168.41.21.",2011,0,0.264044944
"284","41.169.41.22.",2011,0,0.22173913
"285","41.171.41.94.",2011,0,0.306358382
"286","41.172.41.93.",2011,0,0.260504202
"287","41.179.41.113.",2011,0,0.322368421
"288","41.206.41.26.",2011,0,0.25748503
"289","41.209.41.63.",2011,0,0.241134752
"290","41.212.41.67.",2011,0,0.331797235
"291","41.214.41.36.",2011,0,0.306451613
"292","41.234.41.54.",2011,0,0.285714286
"293","41.238.41.72.",2011,0,0.311688312
"294","41.243.41.74.",2011,0,0.38317757
"295","41.258.41.60.",2011,0,0.339285714
"296","41.263.41.59.",2011,0,0.371179039
"297","42.004.42.167.",2011,0,0.268398268
"298","42.005.42.165.",2011,0,0.168067227
"299","42.006.42.167.",2011,0,0.268398268
"300","42.008s.42.173.",2011,0,0.052631579
"301","42.021.42.180.",2011,0,0.216666667
"302","42.022.42.185.",2011,0,0.118644068
"303","42.027.42.184.",2011,0,0.191304348
"304","42.028.42.187.",2011,0,0.155913978
"305","42.032s.42.713.",2011,0,0.173076923
"306","42.041.42.193.",2011,0,0.101190476
"307","42.048.42.137.",2011,0,0.146666667
"308","42.054.42.201.",2011,0,0.064748201
"309","42.061.42.70.",2011,0,0.158914729
"310","42.068.42.69.",2011,0,0.16509434
"311","42.097.42.2.",2011,0,0.231481481
"312","42.099.42.12.",2011,0,0.213953488
"313","42.104.42.80.",2011,0,0.117154812
"314","42.124.42.87.",2011,0,0.108225108
"315","42.139.42.91.",2011,0,0.191358025
"316","42.151.42.80.",2011,0,0.117154812
"317","42.161.42.150.",2011,0,0.151898734
"318","42.167.42.60.",2011,0,0.19895288
"319","42.172.42.83.",2011,0,0.175257732
"320","42.203.42.28.",2011,0,0.165289256
"321","42.206.42.26.",2011,0,0.153153153
"322","42.209.42.34.",2011,0,0.089552239
"323","42.222.42.41.",2011,0,0.264150943
"324","42.237.42.57.",2011,0,0.232954545
"325","55.013.55.86.",2011,0,0.206349206
"326","55.048.55.74.",2011,0,0.296137339
"327","55.050.55.139.",2011,0,0.282527881
"328","55.084.55.60.",2011,0,0.32
"329","55.085.55.87.",2011,0,0.266009852
"330","55.119.55.61.",2011,0,0.162679426
"331","55.129s.55.709.",2011,0,0.237704918
"332","55.133.55.146.",2011,0,0.272357724
"333","55.149.55.49.",2011,0,0.197044335
"334","55.152.55.102.",2011,0,0.124137931
"335","55.160.55.12.",2011,0,0.224576271
"336","55.161.55.51.",2011,0,0.148471616
"337","55.166.55.57.",2011,0,0.238493724
"338","55.172.55.105.",2011,0,0.122807018
"339","55.174.55.103.",2011,0,0.116022099
"340","55.191.55.117.",2011,0,0.129770992
"341","55.205.55.120.",2011,0,0.207171315
"342","55.235.55.186.",2011,0,0.192468619
"343","58.001.58.1.",2011,0,0.294117647
"344","58.004.58.4.",2011,0,0.252747253
"345","58.017.58.9.",2011,0,0.3
"346","58.034.58.141.",2011,0,0.321585903
"347","58.036.58.125.",2011,0,0.266666667
"348","58.051.58.150.",2011,0,0.441860465
"349","58.053.58.136.",2011,0,0.307692308
"350","58.082.58.45.",2011,0,0.474358974
"351","58.087.58.135.",2011,0,0.375
"352","58.088s.58.706.",2011,0,0.285714286
"353","58.130.58.79.",2011,0,0.341772152
"354","58.136.58.112.",2011,0,0.465909091
"355","58.142.58.96.",2011,0,0.480769231
"356","58.144.58.94.",2011,0,0.272
"357","58.147.58.156.",2011,0,0.33
"358","58.163.58.240.",2011,0,0.445
"359","58.164.58.241.",2011,0,0.365853659
"360","58.165.58.242.",2011,0,0.391129032
"361","58.166.58.157.",2011,0,0.370689655
"362","58.167.58.160.",2011,0,0.370535714
"363","58.176.58.238.",2011,0,0.277173913
"364","58.181.58.159.",2011,0,0.370833333
"365","58.186.58.162.",2011,0,0.421965318
"366","58.222.58.177.",2011,0,0.417112299
"367","67.002s.67.701.",2011,0,0.166666667
"368","67.036.67.37.",2011,0,0.157534247
"369","67.038.67.6.",2011,0,0.247663551
"370","67.041.67.38.",2011,0,0.367697595
"371","67.086.67.55.",2011,0,0.37755102
"372","67.087.67.8.",2011,0,0.25388601
"373","67.122.67.13.",2011,0,0.174129353
"374","67.125.67.122.",2011,1,0.169642857
"375","67.165.67.125.",2011,0,0.105042017
"376","67.187.67.120.",2011,0,0.146520147
"377","67.188.67.120.",2011,0,0.146520147
"378","67.224.67.159.",2011,0,0.219895288
"379","69.013.69.69.",2011,0,0.195876289
"380","69.015.69.65.",2011,0,0.11971831
"381","69.032.69.75.",2011,0,0.114035088
"382","69.037.69.6.",2011,0,0.165354331
"383","69.044.69.79.",2011,0,0.18487395
"384","69.052.69.85.",2011,0,0.168478261
"385","69.056.69.14.",2011,0,0.154761905
"386","69.057.69.42.",2011,0,0.273195876
"387","69.069.69.33.",2011,0,0.227642276
"388","69.081s.69.703.",2011,0,0.19047619
"389","69.098.69.97.",2011,0,0.12195122
"390","69.105.69.99.",2011,0,0.163120567
"391","69.111.69.110.",2011,0,0.252336449
"392","69.116.69.107.",2011,0,0.1125
"393","69.127.69.41.",2011,0,0.17721519
"394","69.131.69.120.",2011,0,0.157894737
"395","69.139.69.115.",2011,0,0.235294118
"396","69.140.69.135.",2011,0,0.183206107
"397","69.149.69.128.",2011,0,0.168604651
"398","69.151.69.131.",2011,0,0.232704403
"399","69.179.69.144.",2011,0,0.180952381
"400","69.193.69.138.",2011,0,0.112359551
"401","69.212.69.173.",2011,0,0.164772727
"402","69.216.69.177.",2011,0,0.221374046
"403","69.221.69.174.",2011,0,0.18705036
"404","69.232.69.58.",2011,0,0.260869565
"405","70.014.70.5.",2011,0,0.309782609
"406","70.022.70.24.",2011,0,0.292307692
"407","70.023.70.4.",2011,0,0.323353293
"408","70.024s.70.700.",2011,0,0.42
"409","70.032.70.9.",2011,0,0.315217391
"410","70.035s.70.701.",2011,0,0.380952381
"411","70.049.70.34.",2011,0,0.357575758
"412","70.058.70.60.",2011,0,0.39800995
"413","70.075.70.49.",2011,0,0.352112676
"414","70.095.70.86.",2011,0,0.347368421
"415","70.113-1s.70.706.",2011,0,0.402439024
"416","70.113.70.70.",2011,0,0.422594142
"417","70.114.70.71.",2011,0,0.363057325
"418","70.123.70.76.",2011,0,0.376106195
"419","70.125.70.88.",2011,0,0.24375
"420","70.227.70.156.",2011,0,0.398734177
"421","73.002.73.2.",2011,0,0.25
"422","73.003.73.1.",2011,0,0.36
"423","73.004.73.6.",2011,0,0.15936255
"424","73.012.73.14.",2011,0,0.251655629
"425","73.017.73.12.",2011,0,0.314465409
"426","73.030.73.21.",2011,0,0.205882353
"427","73.035.73.23.",2011,0,0.262931034
"428","73.051.73.26.",2011,0,0.370588235
"429","73.058.73.41.",2011,0,0.475903614
"430","73.061.73.46.",2011,0,0.436464088
"431","73.082.73.56.",2011,0,0.333333333
"432","73.084.73.65.",2011,0,0.287610619
"433","73.094.73.67.",2011,0,0.470588235
"434","73.103.73.139.",2011,0,0.289308176
"435","73.197.73.145.",2011,0,0.427536232
"436","73.204.73.141.",2011,0,0.337899543
"437","73.210.73.165.",2011,0,0.263888889
"438","73.227s.73.722.",2011,0,0.394366197
"439","73.252.73.179.",2011,1,0.352564103
"440","85.010.85.121.",2011,0,0.184713376
"441","85.013.85.83.",2011,0,0.333333333
"442","85.015.85.119.",2011,0,0.2125
"443","85.022.85.6.",2011,0,0.239130435
"444","85.038.85.67.",2011,0,0.267857143
"445","85.047.85.79.",2011,0,0.170731707
"446","85.048.85.84.",2011,0,0.256944444
"447","85.051.85.9.",2011,0,0.185770751
"448","85.094.85.49.",2011,0,0.166666667
"449","85.107.85.87.",2011,0,0.253012048
"450","85.118.85.50.",2011,0,0.206896552
"451","85.120.85.51.",2011,0,0.204225352
"452","85.143.85.88.",2011,0,0.204819277
"453","85.153.85.142.",2011,0,0.313636364
"454","85.176.85.101.",2011,0,0.096885813
"455","85.177.85.107.",2011,0,0.138728324
"456","85.179.85.108.",2011,0,0.161825726
"457","85.181.85.91.",2011,0,0.084677419
"458","85.183.85.109.",2011,0,0.144736842
"459","85.202.85.170.",2011,0,0.216666667
"460","85.214.85.143.",2011,0,0.127962085
"461","85.215.85.182.",2011,0,0.125827815
"462","85.275.85.213.",2011,0,0.240641711
"463","85.287.85.153.",2011,0,0.218604651
"464","85.293.85.156.",2011,0,0.219178082
"465","85.304.85.233.",2011,0,0.20754717
"466","85.308.85.236.",2011,0,0.258426966
"467","87.007.87.84.",2011,0,0.25477707
"468","87.012.87.108.",2011,0,0.196581197
"469","87.041.87.60.",2011,0,0.136094675
"470","87.042.87.64.",2011,0,0.185393258
"471","87.048.87.4.",2011,0,0.235955056
"472","87.066.87.1.",2011,0,0.16025641
"473","87.081.87.109.",2011,0,0.171875
"474","87.082.87.109.",2011,0,0.171875
"475","87.209.87.71.",2011,0,0.229885057
"476","87.215.87.31.",2011,0,0.169014085
"477","90.025.90.26.",2011,0,0.451612903
"478","90.028.90.30.",2011,0,0.552795031
"479","90.053.90.42.",2011,0,0.386075949
"480","90.126.90.77.",2011,0,0.34057971
"481","90.162.90.41.",2011,0,0.385365854
"482","90.165.90.46.",2011,0,0.328947368
"483","90.167.90.53.",2011,0,0.39055794
"484","90.176.90.12.",2011,0,0.193103448
"485","91.009.91.13.",2011,0,0.394495413
"486","91.024.91.20.",2011,0,0.5625
"487","91.030.91.27.",2011,0,0.366197183
"488","91.031.91.29.",2011,0,0.213114754
"489","91.034.91.24.",2011,0,0.266666667
"490","91.049.91.36.",2011,0,0.428571429
"491","91.061.91.50.",2011,0,0.235772358
"492","91.146.91.63.",2011,0,0.397590361
"493","91.147.91.55.",2011,0,0.4296875
"494","91.180.91.122.",2011,0,0.3
"495","98.090.98.69.",2011,0,0.133663366
"496","98.095.98.158.",2011,0,0.394366197
"497","98.100.98.80.",2011,0,0.215909091
"498","98.229.98.176.",2011,0,0.153846154
"499","98.232.98.207.",2011,0,0.090909091
"500","98.263.98.206.",2011,0,0.096774194
"501","10.002.10.1.",2007,0,0.168674699
"502","10.018.10.9.",2007,0,0.14516129
"503","10.021.10.32.",2007,0,0.123076923
"504","10.026.10.13.",2007,0,0.178082192
"505","10.028.10.16.",2007,0,0.166666667
"506","10.035s.10.702.",2007,0,0.142857143
"507","10.038.10.31.",2007,0,0.129032258
"508","10.039.10.34.",2007,0,0.101769912
"509","10.047.10.26.",2007,0,0.136363636
"510","10.055.10.24.",2007,0,0.269662921
"511","10.067.10.95.",2007,0,0.075555556
"512","10.068.10.97.",2007,0,0.073529412
"513","10.079.10.112.",2007,0,0.119047619
"514","10.103.10.52.",2007,0,0.138888889
"515","10.152.10.96.",2007,0,0.184713376
"516","10.181.10.150.",2007,0,0.057692308
"517","10.185.10.146.",2007,0,0.066666667
"518","10.206.10.148.",2007,0,0.157894737
"519","10.223.10.167.",2007,0,0.169811321
"520","10.227.10.203.",2007,0,0.142857143
"521","10.228.10.162.",2007,0,0.129411765
"522","10.229.10.165.",2007,0,0.142076503
"523","10.235.10.195.",2007,0,0.134078212
"524","10.245.10.218.",2007,0,0.1640625
"525","10.248.10.221.",2007,0,0.185897436
"526","10.267.10.211.",2007,0,0.16
"527","10.271.10.207.",2007,0,0.151960784
"528","10.275.10.223.",2007,0,0.184210526
"529","105.004.105.5.",2007,0,0.267676768
"530","105.022.105.16.",2007,0,0.274074074
"531","105.088.105.64.",2007,0,0.281818182
"532","105.099.105.54.",2007,0,0.442176871
"533","105.116.105.111.",2007,0,0.197916667
"534","105.120.105.200.",2007,0,0.22875817
"535","105.127.105.199.",2007,0,0.291666667
"536","105.136.105.197.",2007,0,0.435028249
"537","105.196.105.133.",2007,0,0.351515152
"538","105.201.105.131.",2007,0,0.346341463
"539","105.213.105.207.",2007,0,0.3046875
"540","105.232.105.145.",2007,0,0.266009852
"541","105.236.105.226.",2007,0,0.208860759
"542","105.252.105.222.",2007,0,0.194805195
"543","14.141.14.208.",2007,0,0.451162791
"544","14.148.14.73.",2007,0,0.575949367
"545","14.163.14.193.",2007,0,0.405017921
"546","14.164.14.77.",2007,0,0.583892617
"547","14.191.14.1.",2007,0,0.345679012
"548","14.193.14.2.",2007,0,0.390625
"549","14.194.14.1.",2007,0,0.408163265
"550","14.204s.14.700.",2007,0,0.488372093
"551","14.205.14.67.",2007,0,0.5
"552","14.215.14.7.",2007,0,0.408805031
"553","14.263.14.49.",2007,0,0.385964912
"554","18.028.18.31.",2007,0,0.352
"555","18.063.18.140.",2007,0,0.351955307
"556","18.114.18.96.",2007,0,0.169491525
"557","18.134.18.20.",2007,0,0.233009709
"558","18.180.18.43.",2007,0,0.213872832
"559","18.183.18.98.",2007,0,0.186528497
"560","18.192.18.108.",2007,0,0.229166667
"561","18.196.18.152.",2007,0,0.503030303
"562","19.005.19.3.",2007,0,0.30044843
"563","19.011.19.65.",2007,0,0.282945736
"564","19.019.19.66.",2007,0,0.254480287
"565","19.070.19.71.",2007,0,0.272357724
"566","19.075.19.57.",2007,0,0.290178571
"567","19.082.19.31.",2007,0,0.370535714
"568","19.084.19.77.",2007,0,0.287128713
"569","19.098.19.195.",2007,0,0.231213873
"570","19.099.19.193.",2007,0,0.238493724
"571","19.124.19.177.",2007,0,0.289377289
"572","19.125s.19.711.",2007,0,0.24137931
"573","2.033s.2.700.",2007,0,0.333333333
"574","2.036.2.20.",2007,0,0.188118812
"575","2.048.2.30.",2007,0,0.307692308
"576","2.065.2.39.",2007,0,0.382550336
"577","2.073.2.56.",2007,0,0.223214286
"578","2.075.2.46.",2007,0,0.43902439
"579","2.083.2.82.",2007,0,0.51875
"580","2.106.2.110.",2007,0,0.327586207
"581","2.110.2.52.",2007,0,0.37962963
"582","2.112.2.58.",2007,0,0.416666667
"583","2.131.2.116.",2007,0,0.476923077
"584","2.145.2.112.",2007,0,0.359550562
"585","2.149.2.60.",2007,0,0.414285714
"586","2.152.2.63.",2007,0,0.27027027
"587","2.163.2.72.",2007,0,0.411290323
"588","2.166.2.75.",2007,0,0.264
"589","2.175.2.103.",2007,0,0.4375
"590","2.176.2.105.",2007,0,0.409090909
"591","2.177.2.107.",2007,0,0.375
"592","2.179.2.121.",2007,0,0.5
"593","2.198.2.135.",2007,0,0.465116279
"594","2.207.2.137.",2007,0,0.482014388
"595","21.003.21.4.",2007,0,0.404109589
"596","21.008.21.7.",2007,0,0.3875
"597","21.021.21.20.",2007,0,0.389121339
"598","21.036.21.25.",2007,0,0.470873786
"599","21.049.21.41.",2007,0,0.484536082
"600","21.055.21.53.",2007,0,0.306666667
"601","21.077.21.88.",2007,0,0.421052632
"602","21.169.21.112.",2007,0,0.318518519
"603","21.170.21.125.",2007,0,0.429319372
"604","21.196.21.118.",2007,0,0.263959391
"605","21.201.21.92.",2007,0,0.524324324
"606","21.203.21.128.",2007,0,0.344155844
"607","21.211.21.95.",2007,0,0.45890411
"608","21.222.21.131.",2007,0,0.617886179
"609","22.001.22.6.",2007,0,0.528089888
"610","22.003.22.4.",2007,0,0.522727273
"611","22.013.22.30.",2007,0,0.519480519
"612","22.016.22.36.",2007,0,0.544444444
"613","22.025.22.65.",2007,0,0.422764228
"614","22.054.22.48.",2007,0,0.584337349
"615","22.055.22.61.",2007,0,0.540372671
"616","22.075.22.20.",2007,0,0.455882353
"617","22.077.22.82.",2007,0,0.473684211
"618","22.104.22.51.",2007,0,0.440528634
"619","22.107.22.58.",2007,0,0.676056338
"620","22.125.22.57.",2007,0,0.5
"621","22.129.22.122.",2007,0,0.542635659
"622","22.168.22.199.",2007,0,0.415492958
"623","22.175.22.131.",2007,0,0.527950311
"624","22.213.22.207.",2007,0,0.47311828
"625","22.262.22.161.",2007,0,0.338235294
"626","28.013.28.171.",2007,0,0.246073298
"627","28.028.28.143.",2007,0,0.142857143
"628","28.034.28.95.",2007,0,0.197740113
"629","28.045.28.52.",2007,0,0.046511628
"630","28.049.28.126.",2007,0,0.189516129
"631","28.058.28.177.",2007,0,0.203539823
"632","28.066.28.50.",2007,0,0.233502538
"633","28.068.28.97.",2007,0,0.217391304
"634","28.075.28.103.",2007,0,0.235294118
"635","28.098.28.205.",2007,0,0.286713287
"636","28.103.28.92.",2007,0,0.248730964
"637","28.104.28.104.",2007,0,0.217898833
"638","28.115.28.182.",2007,1,0.205128205
"639","28.116.28.184.",2007,0,0.240437158
"640","28.119.28.208.",2007,0,0.183266932
"641","28.120.28.211.",2007,0,0.28125
"642","28.122.28.26.",2007,0,0.252747253
"643","28.125.28.29.",2007,0,0.262626263
"644","28.134.28.91.",2007,0,0.283950617
"645","28.138.28.135.",2007,1,0.163157895
"646","28.140.28.147.",2007,1,0.132780083
"647","28.155.28.37.",2007,0,0.317073171
"648","28.173.28.60.",2007,0,0.260416667
"649","28.192.28.85.",2007,0,0.301204819
"650","28.197.28.134.",2007,0,0.163265306
"651","28.199.28.3.",2007,0,0.2
"652","28.206.28.107.",2007,0,0.26035503
"653","28.219.28.121.",2007,0,0.1484375
"654","28.227.28.115.",2007,0,0.25748503
"655","28.229.28.8.",2007,0,0.235294118
"656","28.245.28.16.",2007,0,0.376404494
"657","29.001.29.1.",2007,0,0.171428571
"658","29.007.29.3.",2007,0,0.318181818
"659","29.010.29.27.",2007,0,0.248780488
"660","29.024.29.10.",2007,0,0.226415094
"661","29.027.29.19.",2007,0,0.275280899
"662","29.030.29.8.",2007,0,0.244791667
"663","29.036.29.62.",2007,0,0.265957447
"664","29.037.29.16.",2007,0,0.232394366
"665","29.041.29.51.",2007,0,0.199115044
"666","29.054.29.39.",2007,0,0.377358491
"667","29.063.29.40.",2007,0,0.377245509
"668","29.066.29.110.",2007,0,0.308411215
"669","29.069.29.114.",2007,0,0.316384181
"670","29.086.29.123.",2007,0,0.431693989
"671","29.091.29.69.",2007,0,0.276595745
"672","29.097.29.129.",2007,0,0.272189349
"673","29.099.29.136.",2007,0,0.282722513
"674","29.103.29.75.",2007,0,0.270833333
"675","29.106.29.73.",2007,0,0.25203252
"676","29.112.29.107.",2007,0,0.154285714
"677","29.114.29.131.",2007,0,0.237804878
"678","29.117.29.134.",2007,0,0.327014218
"679","29.120.29.155.",2007,0,0.378378378
"680","29.185.29.83.",2007,0,0.236363636
"681","29.187.29.81.",2007,0,0.259668508
"682","29.190.29.78.",2007,0,0.259459459
"683","29.191.29.84.",2007,0,0.213903743
"684","29.203.29.154.",2007,0,0.234234234
"685","29.209.29.86.",2007,0,0.229299363
"686","29.242.29.174.",2007,0,0.366666667
"687","29.246.29.231.",2007,0,0.214285714
"688","34.005.34.1.",2007,0,0.514285714
"689","34.008.34.7.",2007,0,0.473684211
"690","34.012.34.8.",2007,0,0.450704225
"691","34.015.34.9.",2007,0,0.438271605
"692","34.035.34.23.",2007,0,0.420353982
"693","34.036.34.25.",2007,1,0.361702128
"694","34.044.34.71.",2007,0,0.333333333
"695","34.045.34.31.",2007,1,0.442307692
"696","34.048.34.47.",2007,0,0.480263158
"697","34.068.34.51.",2007,0,0.480446927
"698","34.086.34.76.",2007,0,0.363057325
"699","34.088.34.55.",2007,0,0.653846154
"700","34.094.34.74.",2007,0,0.535714286
"701","34.098.34.59.",2007,0,0.591549296
"702","34.100.34.64.",2007,0,0.581818182
"703","34.103.34.56.",2007,1,0.434210526
"704","34.109.34.66.",2007,0,0.47826087
"705","34.114.34.70.",2007,0,0.560810811
"706","34.129.34.107.",2007,0,0.462962963
"707","34.168.34.120.",2007,0,0.357466063
"708","34.172.34.115.",2007,0,0.415492958
"709","34.225.34.141.",2007,0,0.5625
"710","34.231.34.136.",2007,0,0.511235955
"711","34.235.34.178.",2007,0,0.375661376
"712","34.241.34.182.",2007,0,0.390946502
"713","34.243.34.183.",2007,0,0.330232558
"714","34.266.34.188.",2007,0,0.202898551
"715","36.003.36.209.",2007,0,0.398550725
"716","36.006.36.5.",2007,0,0.468438538
"717","36.007.36.212.",2007,0,0.346153846
"718","36.011.36.8.",2007,0,0.51875
"719","36.012.36.9.",2007,0,0.423963134
"720","36.017.36.10.",2007,0,0.458333333
"721","36.027.36.189.",2007,0,0.474074074
"722","36.035.36.18.",2007,0,0.594827586
"723","36.039.36.21.",2007,0,0.550632911
"724","36.165.36.56.",2007,0,0.531034483
"725","36.246.36.202.",2007,0,0.392156863
"726","36.269.36.178.",2007,0,0.406824147
"727","36.278.36.153.",2007,0,0.376923077
"728","36.283.36.215.",2007,1,0.621052632
"729","36.404.36.426.",2007,0,0.540229885
"730","36.413.36.418.",2007,0,0.522727273
"731","36.414.36.420.",2007,0,0.537634409
"732","40.009.40.62.",2007,0,0.504672897
"733","40.010.40.64.",2007,0,0.474452555
"734","40.019.40.65.",2007,1,0.486725664
"735","40.023.40.162.",2007,0,0.345679012
"736","40.028.40.69.",2007,0,0.419847328
"737","40.041.40.66.",2007,0,0.464788732
"738","40.058.40.76.",2007,0,0.453038674
"739","40.059.40.71.",2007,1,0.391891892
"740","40.062.40.183.",2007,0,0.452380952
"741","40.066.40.187.",2007,0,0.46875
"742","40.068.40.78.",2007,1,0.415789474
"743","40.072.40.79.",2007,0,0.394230769
"744","40.073.40.81.",2007,1,0.436170213
"745","40.076.40.166.",2007,0,0.424369748
"746","40.080.40.127.",2007,0,0.515957447
"747","40.085.40.168.",2007,0,0.457264957
"748","40.089.40.82.",2007,0,0.5
"749","40.107.40.144.",2007,0,0.416666667
"750","40.130s.40.715.",2007,0,0.4375
"751","40.131.40.171.",2007,0,0.5
"752","40.153.40.148.",2007,0,0.444444444
"753","40.156.40.106.",2007,0,0.494252874
"754","40.160.40.87.",2007,0,0.362745098
"755","40.163.40.89.",2007,0,0.350649351
"756","40.172.40.115.",2007,0,0.410526316
"757","40.178.40.51.",2007,0,0.370967742
"758","40.187.40.39.",2007,0,0.433333333
"759","40.192.40.1.",2007,0,0.457142857
"760","40.224.40.21.",2007,0,0.43877551
"761","40.234.40.48.",2007,0,0.327777778
"762","40.244.40.46.",2007,0,0.470588235
"763","40.248.40.46.",2007,0,0.351851852
"764","40.249.40.23.",2007,0,0.5
"765","41.029.41.189.",2007,0,0.320512821
"766","41.031.41.121.",2007,0,0.308510638
"767","41.039.41.203.",2007,0,0.259414226
"768","41.050.41.124.",2007,0,0.265734266
"769","41.051.41.126.",2007,0,0.299145299
"770","41.053.41.131.",2007,0,0.181818182
"771","41.062.41.125.",2007,0,0.261538462
"772","41.063.41.134.",2007,0,0.161538462
"773","41.065.41.144.",2007,0,0.353174603
"774","41.067.41.143.",2007,0,0.28
"775","41.076.41.208.",2007,0,0.273333333
"776","41.090.41.136.",2007,0,0.319587629
"777","41.111.41.156.",2007,0,0.378600823
"778","41.134.41.5.",2007,0,0.336538462
"779","41.140.41.17.",2007,0,0.465968586
"780","41.144.41.12.",2007,0,0.296296296
"781","41.157.41.100.",2007,0,0.39047619
"782","41.167.41.120.",2007,0,0.435779817
"783","41.168.41.21.",2007,0,0.403225806
"784","41.169.41.22.",2007,0,0.321678322
"785","41.171.41.94.",2007,0,0.468208092
"786","41.172.41.93.",2007,0,0.387755102
"787","41.179.41.113.",2007,0,0.417112299
"788","41.206.41.26.",2007,0,0.441558442
"789","41.209.41.63.",2007,0,0.506024096
"790","41.212.41.67.",2007,0,0.489051095
"791","41.214.41.36.",2007,0,0.350746269
"792","41.234.41.54.",2007,0,0.42
"793","41.238.41.72.",2007,0,0.548245614
"794","41.243.41.74.",2007,0,0.679245283
"795","41.258.41.60.",2007,0,0.435582822
"796","41.263.41.59.",2007,0,0.529850746
"797","42.004.42.167.",2007,0,0.344827586
"798","42.005.42.165.",2007,0,0.214285714
"799","42.006.42.167.",2007,0,0.284810127
"800","42.008s.42.173.",2007,0,0.254901961
"801","42.021.42.180.",2007,0,0.30141844
"802","42.022.42.185.",2007,0,0.246153846
"803","42.027.42.184.",2007,0,0.230337079
"804","42.028.42.187.",2007,0,0.222222222
"805","42.032s.42.713.",2007,0,0.347826087
"806","42.041.42.193.",2007,0,0.237288136
"807","42.048.42.137.",2007,0,0.151515152
"808","42.054.42.201.",2007,0,0.327380952
"809","42.061.42.70.",2007,0,0.184466019
"810","42.068.42.69.",2007,0,0.288702929
"811","42.097.42.2.",2007,0,0.201388889
"812","42.099.42.12.",2007,0,0.273584906
"813","42.104.42.80.",2007,0,0.219298246
"814","42.124.42.87.",2007,0,0.213114754
"815","42.139.42.91.",2007,0,0.305555556
"816","42.151.42.80.",2007,0,0.315068493
"817","42.161.42.150.",2007,0,0.250773994
"818","42.167.42.60.",2007,0,0.227091633
"819","42.172.42.83.",2007,0,0.307317073
"820","42.203.42.28.",2007,0,0.356643357
"821","42.206.42.26.",2007,0,0.330396476
"822","42.209.42.34.",2007,0,0.34
"823","42.222.42.41.",2007,0,0.36416185
"824","42.237.42.57.",2007,0,0.35978836
"825","55.013.55.86.",2007,0,0.293838863
"826","55.048.55.74.",2007,0,0.33632287
"827","55.050.55.139.",2007,0,0.329949239
"828","55.084.55.60.",2007,0,0.353233831
"829","55.085.55.87.",2007,0,0.242268041
"830","55.119.55.61.",2007,0,0.246987952
"831","55.129s.55.709.",2007,0,0.446428571
"832","55.133.55.146.",2007,0,0.279835391
"833","55.149.55.49.",2007,0,0.211956522
"834","55.152.55.102.",2007,0,0.27027027
"835","55.160.55.12.",2007,0,0.248677249
"836","55.161.55.51.",2007,0,0.19921875
"837","55.166.55.57.",2007,0,0.183168317
"838","55.172.55.105.",2007,0,0.201117318
"839","55.174.55.103.",2007,0,0.2
"840","55.191.55.117.",2007,0,0.157303371
"841","55.205.55.120.",2007,0,0.224489796
"842","55.235.55.186.",2007,0,0.162790698
"843","58.001.58.1.",2007,0,0.30625
"844","58.004.58.4.",2007,0,0.380090498
"845","58.017.58.9.",2007,0,0.369863014
"846","58.034.58.141.",2007,0,0.33632287
"847","58.036.58.125.",2007,0,0.414448669
"848","58.051.58.150.",2007,0,0.43697479
"849","58.053.58.136.",2007,0,0.414634146
"850","58.082.58.45.",2007,0,0.46743295
"851","58.087.58.135.",2007,0,0.427184466
"852","58.088s.58.706.",2007,0,0.684210526
"853","58.130.58.79.",2007,0,0.475
"854","58.136.58.112.",2007,0,0.472826087
"855","58.142.58.96.",2007,0,0.543859649
"856","58.144.58.94.",2007,0,0.486111111
"857","58.147.58.156.",2007,0,0.429245283
"858","58.163.58.240.",2007,0,0.397183099
"859","58.164.58.241.",2007,0,0.426966292
"860","58.165.58.242.",2007,0,0.335689046
"861","58.166.58.157.",2007,0,0.403361345
"862","58.167.58.160.",2007,0,0.446808511
"863","58.176.58.238.",2007,0,0.417808219
"864","58.181.58.159.",2007,0,0.507389163
"865","58.186.58.162.",2007,0,0.405714286
"866","58.222.58.177.",2007,0,0.459330144
"867","67.002s.67.701.",2007,0,0.257142857
"868","67.036.67.37.",2007,0,0.214659686
"869","67.038.67.6.",2007,0,0.356521739
"870","67.041.67.38.",2007,0,0.4
"871","67.086.67.55.",2007,0,0.37037037
"872","67.087.67.8.",2007,0,0.227979275
"873","67.122.67.13.",2007,0,0.233870968
"874","67.125.67.122.",2007,0,0.216748768
"875","67.165.67.125.",2007,0,0.153508772
"876","67.187.67.120.",2007,0,0.206030151
"877","67.188.67.120.",2007,0,0.239726027
"878","67.224.67.159.",2007,0,0.297297297
"879","69.013.69.69.",2007,0,0.190184049
"880","69.015.69.65.",2007,0,0.344262295
"881","69.032.69.75.",2007,0,0.186567164
"882","69.037.69.6.",2007,0,0.245614035
"883","69.044.69.79.",2007,0,0.25203252
"884","69.052.69.85.",2007,0,0.207253886
"885","69.056.69.14.",2007,0,0.261261261
"886","69.057.69.42.",2007,0,0.315
"887","69.069.69.33.",2007,0,0.313333333
"888","69.081s.69.703.",2007,0,0.25
"889","69.098.69.97.",2007,0,0.178571429
"890","69.105.69.99.",2007,0,0.236842105
"891","69.111.69.110.",2007,0,0.290598291
"892","69.116.69.107.",2007,0,0.252427184
"893","69.127.69.41.",2007,0,0.219895288
"894","69.131.69.120.",2007,0,0.144578313
"895","69.139.69.115.",2007,0,0.25862069
"896","69.140.69.135.",2007,0,0.25
"897","69.149.69.128.",2007,0,0.202020202
"898","69.151.69.131.",2007,0,0.264150943
"899","69.179.69.144.",2007,0,0.242647059
"900","69.193.69.138.",2007,0,0.260330579
"901","69.212.69.173.",2007,0,0.325966851
"902","69.216.69.177.",2007,0,0.273584906
"903","69.221.69.174.",2007,0,0.293103448
"904","69.232.69.58.",2007,0,0.464
"905","70.014.70.5.",2007,0,0.290598291
"906","70.022.70.24.",2007,0,0.304347826
"907","70.023.70.4.",2007,0,0.371069182
"908","70.024s.70.700.",2007,0,0.5
"909","70.032.70.9.",2007,0,0.34965035
"910","70.035s.70.701.",2007,0,0.346938776
"911","70.049.70.34.",2007,0,0.36744186
"912","70.058.70.60.",2007,0,0.422222222
"913","70.075.70.49.",2007,0,0.409090909
"914","70.095.70.86.",2007,0,0.462121212
"915","70.113-1s.70.706.",2007,0,0.506329114
"916","70.113.70.70.",2007,0,0.529411765
"917","70.114.70.71.",2007,0,0.649006623
"918","70.123.70.76.",2007,0,0.4
"919","70.125.70.88.",2007,0,0.457286432
"920","70.227.70.156.",2007,0,0.417721519
"921","73.002.73.2.",2007,0,0.359756098
"922","73.003.73.1.",2007,0,0.457317073
"923","73.004.73.6.",2007,0,0.470588235
"924","73.012.73.14.",2007,0,0.427884615
"925","73.017.73.12.",2007,0,0.398230088
"926","73.030.73.21.",2007,0,0.360465116
"927","73.035.73.23.",2007,0,0.441558442
"928","73.051.73.26.",2007,0,0.527131783
"929","73.058.73.41.",2007,0,0.533980583
"930","73.061.73.46.",2007,0,0.459302326
"931","73.082.73.56.",2007,0,0.424107143
"932","73.084.73.65.",2007,0,0.415841584
"933","73.094.73.67.",2007,0,0.468468468
"934","73.103.73.139.",2007,0,0.41221374
"935","73.197.73.145.",2007,0,0.471014493
"936","73.204.73.141.",2007,0,0.343283582
"937","73.210.73.165.",2007,0,0.307692308
"938","73.227s.73.722.",2007,0,0.724137931
"939","73.252.73.179.",2007,0,0.444444444
"940","85.010.85.121.",2007,0,0.240437158
"941","85.013.85.83.",2007,0,0.2
"942","85.015.85.119.",2007,0,0.207692308
"943","85.022.85.6.",2007,0,0.229357798
"944","85.038.85.67.",2007,0,0.221153846
"945","85.047.85.79.",2007,0,0.261904762
"946","85.048.85.84.",2007,0,0.305418719
"947","85.051.85.9.",2007,0,0.139705882
"948","85.094.85.49.",2007,0,0.224489796
"949","85.107.85.87.",2007,0,0.246268657
"950","85.118.85.50.",2007,0,0.180555556
"951","85.120.85.51.",2007,0,0.215909091
"952","85.143.85.88.",2007,0,0.198924731
"953","85.153.85.142.",2007,0,0.401015228
"954","85.176.85.101.",2007,0,0.234375
"955","85.177.85.107.",2007,0,0.220512821
"956","85.179.85.108.",2007,0,0.184971098
"957","85.181.85.91.",2007,0,0.333333333
"958","85.183.85.109.",2007,0,0.277173913
"959","85.202.85.170.",2007,0,0.23364486
"960","85.214.85.143.",2007,0,0.163934426
"961","85.215.85.182.",2007,0,0.236220472
"962","85.275.85.213.",2007,0,0.22
"963","85.287.85.153.",2007,0,0.194736842
"964","85.293.85.156.",2007,0,0.207446809
"965","85.304.85.233.",2007,0,0.205882353
"966","85.308.85.236.",2007,0,0.2578125
"967","87.007.87.84.",2007,0,0.505154639
"968","87.012.87.108.",2007,0,0.452830189
"969","87.041.87.60.",2007,0,0.370165746
"970","87.042.87.64.",2007,0,0.528169014
"971","87.048.87.4.",2007,0,0.263157895
"972","87.066.87.1.",2007,0,0.183673469
"973","87.081.87.109.",2007,0,0.410958904
"974","87.082.87.109.",2007,0,0.608465608
"975","87.209.87.71.",2007,0,0.472222222
"976","87.215.87.31.",2007,0,0.35359116
"977","90.025.90.26.",2007,0,0.397515528
"978","90.028.90.30.",2007,0,0.475903614
"979","90.053.90.42.",2007,0,0.389473684
"980","90.126.90.77.",2007,0,0.396396396
"981","90.162.90.41.",2007,0,0.29468599
"982","90.165.90.46.",2007,0,0.349753695
"983","90.167.90.53.",2007,0,0.401197605
"984","90.176.90.12.",2007,0,0.235772358
"985","91.009.91.13.",2007,0,0.24742268
"986","91.024.91.20.",2007,0,0.413793103
"987","91.030.91.27.",2007,0,0.297101449
"988","91.031.91.29.",2007,0,0.205882353
"989","91.034.91.24.",2007,0,0.23880597
"990","91.049.91.36.",2007,0,0.6
"991","91.061.91.50.",2007,0,0.375
"992","91.146.91.63.",2007,0,0.429411765
"993","91.147.91.55.",2007,0,0.472972973
"994","91.180.91.122.",2007,0,0.375
"995","98.090.98.69.",2007,0,0.147826087
"996","98.095.98.158.",2007,0,0.520833333
"997","98.100.98.80.",2007,0,0
"998","98.229.98.176.",2007,0,0.217821782
"999","98.232.98.207.",2007,0,0.191780822
"1000","98.263.98.206.",2007,0,0.222222222
"1001","10.002.10.1.",2003,0,0.43416
"1002","10.018.10.9.",2003,0,0.30488
"1003","10.021.10.32.",2003,0,0.27149
"1004","10.026.10.13.",2003,0,0.30389
"1005","10.028.10.16.",2003,0,0.26144
"1006","10.035s.10.702.",2003,0,0.35227
"1007","10.038.10.31.",2003,0,0.28521
"1008","10.039.10.34.",2003,0,0.33684
"1009","10.047.10.26.",2003,0,0.3066
"1010","10.055.10.24.",2003,0,0.41724
"1011","10.067.10.95.",2003,0,0.25177
"1012","10.068.10.97.",2003,0,0.25177
"1013","10.079.10.112.",2003,0,0.30201
"1014","10.103.10.52.",2003,0,0.28862
"1015","10.152.10.96.",2003,0,0.22
"1016","10.181.10.150.",2003,0,0.27451
"1017","10.185.10.146.",2003,0,0.23223
"1018","10.206.10.148.",2003,0,0.25606
"1019","10.223.10.167.",2003,0,0.38462
"1020","10.227.10.203.",2003,0,0.23529
"1021","10.228.10.162.",2003,0,0.34413
"1022","10.229.10.165.",2003,0,0.34413
"1023","10.235.10.195.",2003,0,0.27402
"1024","10.245.10.218.",2003,0,0.20103
"1025","10.248.10.221.",2003,0,0.30061
"1026","10.267.10.211.",2003,0,0.41
"1027","10.271.10.207.",2003,0,0.29787
"1028","10.275.10.223.",2003,0,0.40606
"1029","105.004.105.5.",2003,0,0.28755
"1030","105.022.105.16.",2003,0,0.2268
"1031","105.088.105.64.",2003,0,0.27687
"1032","105.099.105.54.",2003,0,0.28488
"1033","105.116.105.111.",2003,0,0.30409
"1034","105.120.105.200.",2003,0,0.29218
"1035","105.127.105.199.",2003,0,0.31068
"1036","105.136.105.197.",2003,0,0.31068
"1037","105.196.105.133.",2003,0,0.33854
"1038","105.201.105.131.",2003,0,0.43902
"1039","105.213.105.207.",2003,0,0.48571
"1040","105.232.105.145.",2003,0,0.34286
"1041","105.236.105.226.",2003,0,0.29032
"1042","105.252.105.222.",2003,0,0.31955
"1043","14.141.14.208.",2003,0,0.57746
"1044","14.148.14.73.",2003,0,0.71296
"1045","14.163.14.193.",2003,0,0.46304
"1046","14.164.14.77.",2003,0,0.82234
"1047","14.191.14.1.",2003,0,0.38947
"1048","14.193.14.2.",2003,0,0.41353
"1049","14.194.14.1.",2003,0,0.38947
"1050","14.204s.14.700.",2003,0,0.3617
"1051","14.205.14.67.",2003,0,0.42795
"1052","14.215.14.7.",2003,0,0.32813
"1053","14.263.14.49.",2003,0,0.45833
"1054","18.028.18.31.",2003,0,0.23664
"1055","18.063.18.140.",2003,0,0.24832
"1056","18.114.18.96.",2003,0,0.22222
"1057","18.134.18.20.",2003,0,0.17742
"1058","18.180.18.43.",2003,0,0.19929
"1059","18.183.18.98.",2003,0,0.17538
"1060","18.192.18.108.",2003,0,0.28472
"1061","18.196.18.152.",2003,0,0.404
"1062","19.005.19.3.",2003,0,0.28
"1063","19.011.19.65.",2003,0,0.31128
"1064","19.019.19.66.",2003,0,0.35242
"1065","19.070.19.71.",2003,0,0.35294
"1066","19.075.19.57.",2003,0,0.38372
"1067","19.082.19.31.",2003,0,0.25373
"1068","19.084.19.77.",2003,0,0.36653
"1069","19.098.19.195.",2003,0,0.37407
"1070","19.099.19.193.",2003,0,0.31959
"1071","19.124.19.177.",2003,0,0.29204
"1072","19.125s.19.711.",2003,0,0.31174
"1073","2.033s.2.700.",2003,0,0.38854
"1074","2.036.2.20.",2003,0,0.31034
"1075","2.048.2.30.",2003,0,0.54545
"1076","2.065.2.39.",2003,0,0.41935
"1077","2.073.2.56.",2003,0,0.44211
"1078","2.075.2.46.",2003,0,0.41154
"1079","2.083.2.82.",2003,0,0.44848
"1080","2.106.2.110.",2003,0,0.48603
"1081","2.110.2.52.",2003,0,0.47926
"1082","2.112.2.58.",2003,0,0.50898
"1083","2.131.2.116.",2003,0,0.46154
"1084","2.145.2.112.",2003,0,0.46154
"1085","2.149.2.60.",2003,0,0.48052
"1086","2.152.2.63.",2003,0,0.35644
"1087","2.163.2.72.",2003,0,0.6129
"1088","2.166.2.75.",2003,0,0.56098
"1089","2.175.2.103.",2003,0,0.48913
"1090","2.176.2.105.",2003,0,0.48128
"1091","2.177.2.107.",2003,0,0.47449
"1092","2.179.2.121.",2003,0,0.61607
"1093","2.198.2.135.",2003,0,0.49219
"1094","2.207.2.137.",2003,0,0.40331
"1095","21.003.21.4.",2003,0,0.33829
"1096","21.008.21.7.",2003,0,0.3697
"1097","21.021.21.20.",2003,0,0.45802
"1098","21.036.21.25.",2003,0,0.41553
"1099","21.049.21.41.",2003,0,0.56889
"1100","21.055.21.53.",2003,0,0.47647
"1101","21.077.21.88.",2003,0,0.53409
"1102","21.169.21.112.",2003,0,0.35032
"1103","21.170.21.125.",2003,0,0.4901
"1104","21.196.21.118.",2003,0,0.30657
"1105","21.201.21.92.",2003,0,0.65502
"1106","21.203.21.128.",2003,0,0.42138
"1107","21.211.21.95.",2003,0,0.52258
"1108","21.222.21.131.",2003,0,0.50314
"1109","22.001.22.6.",2003,0,0.40313
"1110","22.003.22.4.",2003,0,0.43542
"1111","22.013.22.30.",2003,0,0.41732
"1112","22.016.22.36.",2003,0,0.34848
"1113","22.025.22.65.",2003,0,0.41892
"1114","22.054.22.48.",2003,0,0.37778
"1115","22.055.22.61.",2003,0,0.4281
"1116","22.075.22.20.",2003,0,0.34946
"1117","22.077.22.82.",2003,0,0.48501
"1118","22.104.22.51.",2003,0,0.35714
"1119","22.107.22.58.",2003,0,0.49286
"1120","22.125.22.57.",2003,0,0.40678
"1121","22.129.22.122.",2003,0,0.42958
"1122","22.168.22.199.",2003,0,0.31278
"1123","22.175.22.131.",2003,0,0.58706
"1124","22.213.22.207.",2003,0,0.44737
"1125","22.262.22.161.",2003,0,0.4386
"1126","28.013.28.171.",2003,0,0.43396
"1127","28.028.28.143.",2003,0,0.42775
"1128","28.034.28.95.",2003,0,0.3653
"1129","28.045.28.52.",2003,0,0.235
"1130","28.049.28.126.",2003,0,0.35185
"1131","28.058.28.177.",2003,0,0.28358
"1132","28.066.28.50.",2003,0,0.29817
"1133","28.068.28.97.",2003,0,0.38039
"1134","28.075.28.103.",2003,0,0.40773
"1135","28.098.28.205.",2003,0,0.30594
"1136","28.103.28.92.",2003,0,0.40773
"1137","28.104.28.104.",2003,0,0.33574
"1138","28.115.28.182.",2003,0,0.31746
"1139","28.116.28.184.",2003,0,0.31111
"1140","28.119.28.208.",2003,0,0.29108
"1141","28.120.28.211.",2003,0,0.39306
"1142","28.122.28.26.",2003,0,0.39181
"1143","28.125.28.29.",2003,0,0.44131
"1144","28.134.28.91.",2003,0,0.39837
"1145","28.138.28.135.",2003,0,0.43284
"1146","28.140.28.147.",2003,0,0.37652
"1147","28.155.28.37.",2003,0,0.396
"1148","28.173.28.60.",2003,0,0.41156
"1149","28.192.28.85.",2003,0,0.41156
"1150","28.197.28.134.",2003,0,0.34921
"1151","28.199.28.3.",2003,0,0.24752
"1152","28.206.28.107.",2003,0,0.43373
"1153","28.219.28.121.",2003,0,0.37363
"1154","28.227.28.115.",2003,0,0.43458
"1155","28.229.28.8.",2003,0,0.29496
"1156","28.245.28.16.",2003,0,0.30769
"1157","29.001.29.1.",2003,0,0.18095
"1158","29.007.29.3.",2003,0,0.38462
"1159","29.010.29.27.",2003,0,0.29767
"1160","29.024.29.10.",2003,0,0.34715
"1161","29.027.29.19.",2003,0,0.31973
"1162","29.030.29.8.",2003,0,0.30542
"1163","29.036.29.62.",2003,0,0.30435
"1164","29.037.29.16.",2003,0,0.31056
"1165","29.041.29.51.",2003,0,0.17434
"1166","29.054.29.39.",2003,0,0.31034
"1167","29.063.29.40.",2003,0,0.48347
"1168","29.066.29.110.",2003,0,0.3308
"1169","29.069.29.114.",2003,0,0.45745
"1170","29.086.29.123.",2003,0,0.41928
"1171","29.091.29.69.",2003,0,0.29469
"1172","29.097.29.129.",2003,0,0.38158
"1173","29.099.29.136.",2003,0,0.38519
"1174","29.103.29.75.",2003,0,0.39252
"1175","29.106.29.73.",2003,0,0.33828
"1176","29.112.29.107.",2003,0,0.24569
"1177","29.114.29.131.",2003,0,0.25342
"1178","29.117.29.134.",2003,0,0.39583
"1179","29.120.29.155.",2003,0,0.39875
"1180","29.185.29.83.",2003,0,0.19802
"1181","29.187.29.81.",2003,0,0.32673
"1182","29.190.29.78.",2003,0,0.35065
"1183","29.191.29.84.",2003,0,0.27972
"1184","29.203.29.154.",2003,0,0.32906
"1185","29.209.29.86.",2003,0,0.27799
"1186","29.242.29.174.",2003,0,0.34201
"1187","29.246.29.231.",2003,0,0.30435
"1188","34.005.34.1.",2003,0,0.53495
"1189","34.008.34.7.",2003,0,0.52778
"1190","34.012.34.8.",2003,0,0.43434
"1191","34.015.34.9.",2003,0,0.43434
"1192","34.035.34.23.",2003,0,0.46186
"1193","34.036.34.25.",2003,0,0.42324
"1194","34.044.34.71.",2003,0,0.26724
"1195","34.045.34.31.",2003,0,0.544
"1196","34.048.34.47.",2003,0,0.53807
"1197","34.068.34.51.",2003,0,0.44737
"1198","34.086.34.76.",2003,0,0.27612
"1199","34.088.34.55.",2003,0,0.49776
"1200","34.094.34.74.",2003,0,0.36134
"1201","34.098.34.59.",2003,0,0.53744
"1202","34.100.34.64.",2003,0,0.48057
"1203","34.103.34.56.",2003,0,0.3787
"1204","34.109.34.66.",2003,0,0.46324
"1205","34.114.34.70.",2003,0,0.46324
"1206","34.129.34.107.",2003,0,0.40602
"1207","34.168.34.120.",2003,0,0.38378
"1208","34.172.34.115.",2003,0,0.33898
"1209","34.225.34.141.",2003,0,0.46125
"1210","34.231.34.136.",2003,0,0.46512
"1211","34.235.34.178.",2003,0,0.36036
"1212","34.241.34.182.",2003,0,0.46939
"1213","34.243.34.183.",2003,0,0.50896
"1214","34.266.34.188.",2003,0,0.26943
"1215","36.003.36.209.",2003,0,0.66
"1216","36.006.36.5.",2003,0,0.52857
"1217","36.007.36.212.",2003,0,0.56452
"1218","36.011.36.8.",2003,0,0.50633
"1219","36.012.36.9.",2003,0,0.59783
"1220","36.017.36.10.",2003,0,0.53478
"1221","36.027.36.189.",2003,0,0.62917
"1222","36.035.36.18.",2003,0,0.5865
"1223","36.039.36.21.",2003,0,0.5931
"1224","36.165.36.56.",2003,0,0.60104
"1225","36.246.36.202.",2003,0,0.45294
"1226","36.269.36.178.",2003,0,0.68504
"1227","36.278.36.153.",2003,0,0.54545
"1228","36.283.36.215.",2003,0,0.63333
"1229","36.404.36.426.",2003,0,0.70122
"1230","36.413.36.418.",2003,0,0.52083
"1231","36.414.36.420.",2003,0,0.52083
"1232","40.009.40.62.",2003,0,0.38403
"1233","40.010.40.64.",2003,0,0.38403
"1234","40.019.40.65.",2003,0,0.4065
"1235","40.023.40.162.",2003,0,0.43919
"1236","40.028.40.69.",2003,0,0.45726
"1237","40.041.40.66.",2003,0,0.48182
"1238","40.058.40.76.",2003,0,0.48734
"1239","40.059.40.71.",2003,0,0.45726
"1240","40.062.40.183.",2003,0,0.3964
"1241","40.066.40.187.",2003,0,0.39216
"1242","40.068.40.78.",2003,0,0.48734
"1243","40.072.40.79.",2003,0,0.48734
"1244","40.073.40.81.",2003,0,0.4965
"1245","40.076.40.166.",2003,0,0.37209
"1246","40.080.40.127.",2003,0,0.48052
"1247","40.085.40.168.",2003,0,0.33641
"1248","40.089.40.82.",2003,0,0.47191
"1249","40.107.40.144.",2003,0,0.40891
"1250","40.130s.40.715.",2003,0,0.62016
"1251","40.131.40.171.",2003,0,0.38265
"1252","40.153.40.148.",2003,0,0.46875
"1253","40.156.40.106.",2003,0,0.54545
"1254","40.160.40.87.",2003,0,0.3018
"1255","40.163.40.89.",2003,0,0.375
"1256","40.172.40.115.",2003,0,0.53017
"1257","40.178.40.51.",2003,0,0.415
"1258","40.187.40.39.",2003,0,0.4702
"1259","40.192.40.1.",2003,0,0.34965
"1260","40.224.40.21.",2003,0,0.46711
"1261","40.234.40.48.",2003,0,0.44928
"1262","40.244.40.46.",2003,0,0.42162
"1263","40.248.40.46.",2003,0,0.42162
"1264","40.249.40.23.",2003,0,0.53039
"1265","41.029.41.189.",2003,0,0.41429
"1266","41.031.41.121.",2003,0,0.25
"1267","41.039.41.203.",2003,0,0.32653
"1268","41.050.41.124.",2003,0,0.31923
"1269","41.051.41.126.",2003,0,0.31923
"1270","41.053.41.131.",2003,0,0.216
"1271","41.062.41.125.",2003,0,0.28205
"1272","41.063.41.134.",2003,0,0.33884
"1273","41.065.41.144.",2003,0,0.33333
"1274","41.067.41.143.",2003,0,0.30259
"1275","41.076.41.208.",2003,0,0.35294
"1276","41.090.41.136.",2003,0,0.31884
"1277","41.111.41.156.",2003,0,0.41304
"1278","41.134.41.5.",2003,0,0.54688
"1279","41.140.41.17.",2003,0,0.54579
"1280","41.144.41.12.",2003,0,0.4484
"1281","41.157.41.100.",2003,0,0.40594
"1282","41.167.41.120.",2003,0,0.45588
"1283","41.168.41.21.",2003,0,0.55689
"1284","41.169.41.22.",2003,0,0.44681
"1285","41.171.41.94.",2003,0,0.54819
"1286","41.172.41.93.",2003,0,0.50595
"1287","41.179.41.113.",2003,0,0.51802
"1288","41.206.41.26.",2003,0,0.52542
"1289","41.209.41.63.",2003,0,0.58268
"1290","41.212.41.67.",2003,0,0.48718
"1291","41.214.41.36.",2003,0,0.51709
"1292","41.234.41.54.",2003,0,0.64088
"1293","41.238.41.72.",2003,0,0.55782
"1294","41.243.41.74.",2003,0,0.46218
"1295","41.258.41.60.",2003,0,0.57071
"1296","41.263.41.59.",2003,0,0.48175
"1297","42.004.42.167.",2003,0,0.43158
"1298","42.005.42.165.",2003,0,0.33333
"1299","42.006.42.167.",2003,0,0.43158
"1300","42.008s.42.173.",2003,0,0.296
"1301","42.021.42.180.",2003,0,0.31122
"1302","42.022.42.185.",2003,0,0.27273
"1303","42.027.42.184.",2003,0,0.34016
"1304","42.028.42.187.",2003,0,0.33505
"1305","42.032s.42.713.",2003,0,0.46694
"1306","42.041.42.193.",2003,0,0.31518
"1307","42.048.42.137.",2003,0,0.35294
"1308","42.054.42.201.",2003,0,0.33939
"1309","42.061.42.70.",2003,0,0.27111
"1310","42.068.42.69.",2003,0,0.33333
"1311","42.097.42.2.",2003,0,0.38
"1312","42.099.42.12.",2003,0,0.35052
"1313","42.104.42.80.",2003,0,0.47938
"1314","42.124.42.87.",2003,0,0.41935
"1315","42.139.42.91.",2003,0,0.40221
"1316","42.151.42.80.",2003,0,0.49488
"1317","42.161.42.150.",2003,0,0.43284
"1318","42.167.42.60.",2003,0,0.30641
"1319","42.172.42.83.",2003,0,0.52444
"1320","42.203.42.28.",2003,0,0.38537
"1321","42.206.42.26.",2003,0,0.34167
"1322","42.209.42.34.",2003,0,0.39462
"1323","42.222.42.41.",2003,0,0.46193
"1324","42.237.42.57.",2003,0,0.37126
"1325","55.013.55.86.",2003,0,0.43673
"1326","55.048.55.74.",2003,0,0.25551
"1327","55.050.55.139.",2003,0,0.25551
"1328","55.084.55.60.",2003,0,0.5445
"1329","55.085.55.87.",2003,0,0.39033
"1330","55.119.55.61.",2003,0,0.42424
"1331","55.129s.55.709.",2003,0,0.21538
"1332","55.133.55.146.",2003,0,0.22222
"1333","55.149.55.49.",2003,0,0.448
"1334","55.152.55.102.",2003,0,0.21277
"1335","55.160.55.12.",2003,0,0.45714
"1336","55.161.55.51.",2003,0,0.51598
"1337","55.166.55.57.",2003,0,0.44495
"1338","55.172.55.105.",2003,0,0.19681
"1339","55.174.55.103.",2003,0,0.16216
"1340","55.191.55.117.",2003,0,0.1896
"1341","55.205.55.120.",2003,0,0.34091
"1342","55.235.55.186.",2003,0,0.14286
"1343","58.001.58.1.",2003,0,0.33862
"1344","58.004.58.4.",2003,0,0.44643
"1345","58.017.58.9.",2003,0,0.35652
"1346","58.034.58.141.",2003,0,0.35111
"1347","58.036.58.125.",2003,0,0.46974
"1348","58.051.58.150.",2003,0,0.30196
"1349","58.053.58.136.",2003,0,0.34615
"1350","58.082.58.45.",2003,0,0.54425
"1351","58.087.58.135.",2003,0,0.55185
"1352","58.088s.58.706.",2003,0,0.55185
"1353","58.130.58.79.",2003,0,0.50481
"1354","58.136.58.112.",2003,0,0.49226
"1355","58.142.58.96.",2003,0,0.53425
"1356","58.144.58.94.",2003,0,0.47257
"1357","58.147.58.156.",2003,0,0.32959
"1358","58.163.58.240.",2003,0,0.49196
"1359","58.164.58.241.",2003,0,0.49196
"1360","58.165.58.242.",2003,0,0.39039
"1361","58.166.58.157.",2003,0,0.41667
"1362","58.167.58.160.",2003,0,0.43732
"1363","58.176.58.238.",2003,0,0.35816
"1364","58.181.58.159.",2003,0,0.43732
"1365","58.186.58.162.",2003,0,0.40177
"1366","58.222.58.177.",2003,0,0.39594
"1367","67.002s.67.701.",2003,0,0.39063
"1368","67.036.67.37.",2003,0,0.34167
"1369","67.038.67.6.",2003,0,0.34239
"1370","67.041.67.38.",2003,0,0.30126
"1371","67.086.67.55.",2003,0,0.35401
"1372","67.087.67.8.",2003,0,0.47857
"1373","67.122.67.13.",2003,0,0.37931
"1374","67.125.67.122.",2003,0,0.28464
"1375","67.165.67.125.",2003,0,0.24719
"1376","67.187.67.120.",2003,0,0.26812
"1377","67.188.67.120.",2003,0,0.22167
"1378","67.224.67.159.",2003,0,0.37193
"1379","69.013.69.69.",2003,0,0.31225
"1380","69.015.69.65.",2003,0,0.25333
"1381","69.032.69.75.",2003,0,0.28058
"1382","69.037.69.6.",2003,0,0.28022
"1383","69.044.69.79.",2003,0,0.30576
"1384","69.052.69.85.",2003,0,0.32402
"1385","69.056.69.14.",2003,0,0.31771
"1386","69.057.69.42.",2003,0,0.30943
"1387","69.069.69.33.",2003,0,0.28319
"1388","69.081s.69.703.",2003,0,0.37445
"1389","69.098.69.97.",2003,0,0.38378
"1390","69.105.69.99.",2003,0,0.36735
"1391","69.111.69.110.",2003,0,0.34337
"1392","69.116.69.107.",2003,0,0.28671
"1393","69.127.69.41.",2003,0,0.28632
"1394","69.131.69.120.",2003,0,0.32618
"1395","69.139.69.115.",2003,0,0.2973
"1396","69.140.69.135.",2003,0,0.30872
"1397","69.149.69.128.",2003,0,0.39806
"1398","69.151.69.131.",2003,0,0.48355
"1399","69.179.69.144.",2003,0,0.27106
"1400","69.193.69.138.",2003,0,0.3722
"1401","69.212.69.173.",2003,0,0.36981
"1402","69.216.69.177.",2003,0,0.43939
"1403","69.221.69.174.",2003,0,0.36981
"1404","69.232.69.58.",2003,0,0.42105
"1405","70.014.70.5.",2003,0,0.3321
"1406","70.022.70.24.",2003,0,0.285
"1407","70.023.70.4.",2003,0,0.36458
"1408","70.024s.70.700.",2003,0,0.32075
"1409","70.032.70.9.",2003,0,0.30233
"1410","70.035s.70.701.",2003,0,0.31818
"1411","70.049.70.34.",2003,0,0.26885
"1412","70.058.70.60.",2003,0,0.26087
"1413","70.075.70.49.",2003,0,0.20492
"1414","70.095.70.86.",2003,0,0.36364
"1415","70.113-1s.70.706.",2003,0,0.34921
"1416","70.113.70.70.",2003,0,0.35443
"1417","70.114.70.71.",2003,0,0.35443
"1418","70.123.70.76.",2003,0,0.2766
"1419","70.125.70.88.",2003,0,0.46821
"1420","70.227.70.156.",2003,0,0.4086
"1421","73.002.73.2.",2003,0,0.30526
"1422","73.003.73.1.",2003,0,0.42051
"1423","73.004.73.6.",2003,0,0.36022
"1424","73.012.73.14.",2003,0,0.39535
"1425","73.017.73.12.",2003,0,0.42857
"1426","73.030.73.21.",2003,0,0.48485
"1427","73.035.73.23.",2003,0,0.51282
"1428","73.051.73.26.",2003,0,0.55488
"1429","73.058.73.41.",2003,0,0.66058
"1430","73.061.73.46.",2003,0,0.51807
"1431","73.082.73.56.",2003,0,0.47514
"1432","73.084.73.65.",2003,0,0.43787
"1433","73.094.73.67.",2003,0,0.62088
"1434","73.103.73.139.",2003,0,0.45324
"1435","73.197.73.145.",2003,0,0.56075
"1436","73.204.73.141.",2003,0,0.53017
"1437","73.210.73.165.",2003,0,0.61111
"1438","73.227s.73.722.",2003,0,0.55556
"1439","73.252.73.179.",2003,0,0.57877
"1440","85.010.85.121.",2003,0,0.3211
"1441","85.013.85.83.",2003,0,0.35294
"1442","85.015.85.119.",2003,0,0.34343
"1443","85.022.85.6.",2003,0,0.41159
"1444","85.038.85.67.",2003,0,0.28977
"1445","85.047.85.79.",2003,0,0.33559
"1446","85.048.85.84.",2003,0,0.33559
"1447","85.051.85.9.",2003,0,0.28462
"1448","85.094.85.49.",2003,0,0.30108
"1449","85.107.85.87.",2003,0,0.47097
"1450","85.118.85.50.",2003,0,0.30108
"1451","85.120.85.51.",2003,0,0.31776
"1452","85.143.85.88.",2003,0,0.31034
"1453","85.153.85.142.",2003,0,0.32727
"1454","85.176.85.101.",2003,0,0.33663
"1455","85.177.85.107.",2003,0,0.19689
"1456","85.179.85.108.",2003,0,0.23214
"1457","85.181.85.91.",2003,0,0.33663
"1458","85.183.85.109.",2003,0,0.30566
"1459","85.202.85.170.",2003,0,0.3038
"1460","85.214.85.143.",2003,0,0.29565
"1461","85.215.85.182.",2003,0,0.32237
"1462","85.275.85.213.",2003,0,0.26667
"1463","85.287.85.153.",2003,0,0.27179
"1464","85.293.85.156.",2003,0,0.34043
"1465","85.304.85.233.",2003,0,0.29773
"1466","85.308.85.236.",2003,0,0.33333
"1467","87.007.87.84.",2003,0,0.5641
"1468","87.012.87.108.",2003,0,0.48936
"1469","87.041.87.60.",2003,0,0.36111
"1470","87.042.87.64.",2003,0,0.56522
"1471","87.048.87.4.",2003,0,0.27027
"1472","87.066.87.1.",2003,0,0.22892
"1473","87.081.87.109.",2003,0,0.55319
"1474","87.082.87.109.",2003,0,0.55319
"1475","87.209.87.71.",2003,0,0.49302
"1476","87.215.87.31.",2003,0,0.32203
"1477","90.025.90.26.",2003,0,0.62802
"1478","90.028.90.30.",2003,0,0.68205
"1479","90.053.90.42.",2003,0,0.61275
"1480","90.126.90.77.",2003,0,0.54717
"1481","90.162.90.41.",2003,0,0.65625
"1482","90.165.90.46.",2003,0,0.57653
"1483","90.167.90.53.",2003,0,0.63158
"1484","90.176.90.12.",2003,0,0.35979
"1485","91.009.91.13.",2003,0,0.7871
"1486","91.024.91.20.",2003,0,0.43478
"1487","91.030.91.27.",2003,0,0.65385
"1488","91.031.91.29.",2003,0,0.60784
"1489","91.034.91.24.",2003,0,0.5
"1490","91.049.91.36.",2003,0,0.66204
"1491","91.061.91.50.",2003,0,0.64486
"1492","91.146.91.63.",2003,0,0.72396
"1493","91.147.91.55.",2003,0,0.79459
"1494","91.180.91.122.",2003,0,0.66923
"1495","98.090.98.69.",2003,0,0.24
"1496","98.095.98.158.",2003,0,0.23887
"1497","98.100.98.80.",2003,0,0.265
"1498","98.229.98.176.",2003,0,0.59259
"1499","98.232.98.207.",2003,0,0.37333
"1500","98.263.98.206.",2003,0,0.45914
